Id,Price
4567,200000.0
5925,200000.0
960,200000.0
3848,200000.0
746,200000.0
868,200000.0
672,200000.0
2471,200000.0
4510,200000.0
8354,200000.0
6393,200000.0
13270,200000.0
5250,200000.0
16751,200000.0
11404,200000.0
10588,200000.0
14925,200000.0
6791,200000.0
16097,200000.0
16428,200000.0
6945,200000.0
3190,200000.0
15709,200000.0
13155,200000.0
7675,200000.0
14686,200000.0
609,200000.0
11155,200000.0
10869,200000.0
15742,200000.0
9245,200000.0
3340,200000.0
2359,200000.0
8070,200000.0
13707,200000.0
16079,200000.0
15937,200000.0
14090,200000.0
9008,200000.0
16384,200000.0
11657,200000.0
13151,200000.0
8990,200000.0
11857,200000.0
1565,200000.0
8174,200000.0
9247,200000.0
10478,200000.0
15509,200000.0
8306,200000.0
6642,200000.0
7472,200000.0
15989,200000.0
13682,200000.0
163,200000.0
7076,200000.0
7478,200000.0
3029,200000.0
1814,200000.0
10057,200000.0
15100,200000.0
12694,200000.0
6291,200000.0
12603,200000.0
3218,200000.0
13456,200000.0
10170,200000.0
4530,200000.0
13329,200000.0
4820,200000.0
10896,200000.0
13416,200000.0
2701,200000.0
11265,200000.0
9189,200000.0
1858,200000.0
14536,200000.0
6199,200000.0
14730,200000.0
7510,200000.0
15505,200000.0
7446,200000.0
14016,200000.0
14113,200000.0
8721,200000.0
6193,200000.0
5717,200000.0
5427,200000.0
9520,200000.0
6869,200000.0
1658,200000.0
6639,200000.0
6283,200000.0
6257,200000.0
15235,200000.0
902,200000.0
8932,200000.0
16469,200000.0
2825,200000.0
6450,200000.0
11366,200000.0
3801,200000.0
11385,200000.0
1079,200000.0
3202,200000.0
676,200000.0
6185,200000.0
7730,200000.0
2573,200000.0
10978,200000.0
10962,200000.0
8870,200000.0
8496,200000.0
5517,200000.0
927,200000.0
13675,200000.0
1499,200000.0
15536,200000.0
8602,200000.0
12137,200000.0
9865,200000.0
16353,200000.0
15908,200000.0
3944,200000.0
10359,200000.0
15158,200000.0
3259,200000.0
7220,200000.0
13843,200000.0
16736,200000.0
702,200000.0
16401,200000.0
12134,200000.0
6918,200000.0
11792,200000.0
3798,200000.0
10395,200000.0
11099,200000.0
7090,200000.0
11260,200000.0
9647,200000.0
2903,200000.0
2071,200000.0
8604,200000.0
9346,200000.0
3945,200000.0
3420,200000.0
10842,200000.0
725,200000.0
13931,200000.0
16330,200000.0
9066,200000.0
3326,200000.0
1556,200000.0
6579,200000.0
13877,200000.0
9857,200000.0
7302,200000.0
5684,200000.0
6513,200000.0
11342,200000.0
16561,200000.0
6885,200000.0
9308,200000.0
2559,200000.0
6648,200000.0
15260,200000.0
5113,200000.0
16492,200000.0
12034,200000.0
7248,200000.0
2171,200000.0
10594,200000.0
13241,200000.0
7032,200000.0
4884,200000.0
903,200000.0
162,200000.0
6566,200000.0
8249,200000.0
13106,200000.0
256,200000.0
7976,200000.0
8575,200000.0
7591,200000.0
3204,200000.0
15804,200000.0
1525,200000.0
9038,200000.0
13628,200000.0
10016,200000.0
10208,200000.0
2008,200000.0
13029,200000.0
5099,200000.0
9923,200000.0
9461,200000.0
11086,200000.0
15057,200000.0
10689,200000.0
2053,200000.0
16630,200000.0
4985,200000.0
13881,200000.0
13225,200000.0
5779,200000.0
10262,200000.0
10762,200000.0
9513,200000.0
11128,200000.0
2074,200000.0
933,200000.0
2780,200000.0
6594,200000.0
15394,200000.0
14863,200000.0
6698,200000.0
1611,200000.0
174,200000.0
5160,200000.0
3295,200000.0
4559,200000.0
8254,200000.0
10228,200000.0
13924,200000.0
15341,200000.0
4353,200000.0
4334,200000.0
1872,200000.0
7823,200000.0
310,200000.0
3704,200000.0
11615,200000.0
6605,200000.0
3381,200000.0
2143,200000.0
3191,200000.0
13980,200000.0
15613,200000.0
10943,200000.0
9654,200000.0
16053,200000.0
14931,200000.0
8299,200000.0
2147,200000.0
11567,200000.0
5905,200000.0
11160,200000.0
8275,200000.0
16398,200000.0
11229,200000.0
10309,200000.0
7340,200000.0
7653,200000.0
272,200000.0
9831,200000.0
5016,200000.0
5968,200000.0
796,200000.0
12123,200000.0
16629,200000.0
2637,200000.0
6194,200000.0
6216,200000.0
14346,200000.0
6428,200000.0
2891,200000.0
84,200000.0
9260,200000.0
15250,200000.0
2348,200000.0
10427,200000.0
13230,200000.0
1691,200000.0
8803,200000.0
5464,200000.0
10559,200000.0
16787,200000.0
4278,200000.0
6183,200000.0
12775,200000.0
10104,200000.0
13663,200000.0
9404,200000.0
14724,200000.0
10040,200000.0
4646,200000.0
4754,200000.0
3310,200000.0
2003,200000.0
7312,200000.0
10921,200000.0
13419,200000.0
10105,200000.0
2196,200000.0
12659,200000.0
4380,200000.0
10847,200000.0
10805,200000.0
8709,200000.0
8319,200000.0
2215,200000.0
7000,200000.0
7701,200000.0
9678,200000.0
14026,200000.0
7971,200000.0
13734,200000.0
16483,200000.0
6150,200000.0
2931,200000.0
5418,200000.0
1662,200000.0
2441,200000.0
669,200000.0
7734,200000.0
6010,200000.0
266,200000.0
632,200000.0
16221,200000.0
11832,200000.0
5035,200000.0
37,200000.0
6168,200000.0
11757,200000.0
8086,200000.0
6529,200000.0
15121,200000.0
13904,200000.0
3711,200000.0
16563,200000.0
14494,200000.0
3006,200000.0
15299,200000.0
92,200000.0
8066,200000.0
16071,200000.0
10662,200000.0
3883,200000.0
5511,200000.0
2821,200000.0
9570,200000.0
4326,200000.0
9251,200000.0
9031,200000.0
12689,200000.0
16380,200000.0
1053,200000.0
4568,200000.0
16140,200000.0
14356,200000.0
8466,200000.0
15652,200000.0
3285,200000.0
3198,200000.0
14088,200000.0
2268,200000.0
15472,200000.0
1203,200000.0
7157,200000.0
6886,200000.0
5083,200000.0
7467,200000.0
14068,200000.0
2080,200000.0
10865,200000.0
13516,200000.0
14150,200000.0
7609,200000.0
2144,200000.0
10357,200000.0
2396,200000.0
1526,200000.0
10890,200000.0
8638,200000.0
6050,200000.0
7639,200000.0
10544,200000.0
9577,200000.0
13195,200000.0
3484,200000.0
16668,200000.0
7171,200000.0
8547,200000.0
12735,200000.0
9093,200000.0
15323,200000.0
14897,200000.0
5135,200000.0
5327,200000.0
13133,200000.0
1676,200000.0
16296,200000.0
1095,200000.0
12528,200000.0
7348,200000.0
11663,200000.0
1803,200000.0
1510,200000.0
16045,200000.0
2900,200000.0
3236,200000.0
1318,200000.0
14948,200000.0
7840,200000.0
15325,200000.0
8700,200000.0
15706,200000.0
14449,200000.0
16117,200000.0
4529,200000.0
11199,200000.0
4052,200000.0
821,200000.0
68,200000.0
554,200000.0
452,200000.0
11394,200000.0
11393,200000.0
9535,200000.0
4024,200000.0
10069,200000.0
12007,200000.0
12368,200000.0
1259,200000.0
1124,200000.0
3707,200000.0
8767,200000.0
1919,200000.0
16741,200000.0
6664,200000.0
5688,200000.0
7799,200000.0
14843,200000.0
7532,200000.0
8133,200000.0
6264,200000.0
4125,200000.0
2410,200000.0
13607,200000.0
1716,200000.0
1370,200000.0
2273,200000.0
15298,200000.0
4284,200000.0
12303,200000.0
7808,200000.0
2203,200000.0
7237,200000.0
15864,200000.0
2844,200000.0
5729,200000.0
11812,200000.0
1779,200000.0
6442,200000.0
6160,200000.0
8266,200000.0
9903,200000.0
2867,200000.0
6998,200000.0
13932,200000.0
12587,200000.0
3611,200000.0
2646,200000.0
1890,200000.0
860,200000.0
14187,200000.0
12569,200000.0
1276,200000.0
12025,200000.0
4890,200000.0
14410,200000.0
10352,200000.0
11407,200000.0
10384,200000.0
7622,200000.0
12578,200000.0
15820,200000.0
563,200000.0
15226,200000.0
6396,200000.0
6247,200000.0
3339,200000.0
10975,200000.0
7475,200000.0
11129,200000.0
3051,200000.0
10232,200000.0
14106,200000.0
5502,200000.0
4558,200000.0
4181,200000.0
8426,200000.0
6611,200000.0
14641,200000.0
15539,200000.0
13119,200000.0
11716,200000.0
7316,200000.0
7791,200000.0
13034,200000.0
1068,200000.0
4060,200000.0
10172,200000.0
2591,200000.0
12494,200000.0
7828,200000.0
15284,200000.0
7947,200000.0
16335,200000.0
10234,200000.0
2797,200000.0
5341,200000.0
3059,200000.0
1559,200000.0
15320,200000.0
10284,200000.0
4134,200000.0
4481,200000.0
7222,200000.0
4062,200000.0
2192,200000.0
9637,200000.0
16236,200000.0
4272,200000.0
9406,200000.0
14309,200000.0
1946,200000.0
16235,200000.0
7146,200000.0
16784,200000.0
349,200000.0
6251,200000.0
5128,200000.0
11718,200000.0
16721,200000.0
12517,200000.0
15961,200000.0
9428,200000.0
14541,200000.0
10168,200000.0
11270,200000.0
13210,200000.0
11518,200000.0
12612,200000.0
16352,200000.0
9935,200000.0
15521,200000.0
11482,200000.0
11443,200000.0
9459,200000.0
9218,200000.0
854,200000.0
5619,200000.0
9208,200000.0
4391,200000.0
15207,200000.0
7183,200000.0
16442,200000.0
7936,200000.0
10606,200000.0
4979,200000.0
4854,200000.0
16476,200000.0
10516,200000.0
16261,200000.0
90,200000.0
5433,200000.0
14338,200000.0
13487,200000.0
8211,200000.0
170,200000.0
14051,200000.0
10686,200000.0
7595,200000.0
6777,200000.0
14661,200000.0
13991,200000.0
16795,200000.0
2740,200000.0
7368,200000.0
2413,200000.0
1852,200000.0
15200,200000.0
8467,200000.0
16379,200000.0
3375,200000.0
5945,200000.0
2641,200000.0
2837,200000.0
3498,200000.0
10876,200000.0
1285,200000.0
9285,200000.0
4015,200000.0
2526,200000.0
7814,200000.0
7117,200000.0
12359,200000.0
3303,200000.0
13874,200000.0
5484,200000.0
15067,200000.0
12639,200000.0
3388,200000.0
4256,200000.0
15738,200000.0
14049,200000.0
15780,200000.0
9564,200000.0
11910,200000.0
11315,200000.0
1733,200000.0
3910,200000.0
7552,200000.0
254,200000.0
5222,200000.0
8314,200000.0
16743,200000.0
10335,200000.0
8226,200000.0
12254,200000.0
13152,200000.0
15020,200000.0
16349,200000.0
11924,200000.0
12543,200000.0
14114,200000.0
12318,200000.0
15383,200000.0
6679,200000.0
635,200000.0
15993,200000.0
11375,200000.0
11216,200000.0
15401,200000.0
11301,200000.0
13804,200000.0
10839,200000.0
1588,200000.0
3596,200000.0
5816,200000.0
8099,200000.0
6551,200000.0
14075,200000.0
13431,200000.0
9481,200000.0
5295,200000.0
15859,200000.0
10634,200000.0
444,200000.0
11686,200000.0
1213,200000.0
13970,200000.0
6849,200000.0
9911,200000.0
5649,200000.0
7184,200000.0
5877,200000.0
1655,200000.0
15301,200000.0
12389,200000.0
5241,200000.0
7048,200000.0
10574,200000.0
8593,200000.0
4752,200000.0
14663,200000.0
10994,200000.0
87,200000.0
5132,200000.0
6372,200000.0
7411,200000.0
3319,200000.0
9355,200000.0
5139,200000.0
56,200000.0
3249,200000.0
5047,200000.0
13238,200000.0
2190,200000.0
15599,200000.0
6542,200000.0
1968,200000.0
5630,200000.0
9157,200000.0
789,200000.0
1413,200000.0
12514,200000.0
13459,200000.0
1345,200000.0
4034,200000.0
15169,200000.0
6770,200000.0
3334,200000.0
12998,200000.0
15870,200000.0
1871,200000.0
5770,200000.0
13196,200000.0
7633,200000.0
10699,200000.0
15470,200000.0
1903,200000.0
13860,200000.0
7649,200000.0
11043,200000.0
2922,200000.0
7538,200000.0
9477,200000.0
117,200000.0
1457,200000.0
7082,200000.0
3053,200000.0
12522,200000.0
5744,200000.0
13566,200000.0
1464,200000.0
3852,200000.0
9557,200000.0
14719,200000.0
13978,200000.0
3286,200000.0
13019,200000.0
1421,200000.0
13502,200000.0
14811,200000.0
9297,200000.0
7749,200000.0
16555,200000.0
14576,200000.0
12766,200000.0
4679,200000.0
10033,200000.0
11231,200000.0
15112,200000.0
10617,200000.0
2175,200000.0
16502,200000.0
10106,200000.0
12561,200000.0
15907,200000.0
8069,200000.0
8316,200000.0
12343,200000.0
12092,200000.0
1527,200000.0
10010,200000.0
655,200000.0
10549,200000.0
3248,200000.0
13499,200000.0
14959,200000.0
6070,200000.0
11360,200000.0
12102,200000.0
11870,200000.0
3713,200000.0
3230,200000.0
7742,200000.0
15092,200000.0
8728,200000.0
3386,200000.0
9409,200000.0
16545,200000.0
3127,200000.0
11344,200000.0
2112,200000.0
7310,200000.0
6313,200000.0
3681,200000.0
5114,200000.0
270,200000.0
14350,200000.0
12223,200000.0
1066,200000.0
16116,200000.0
11410,200000.0
4088,200000.0
5956,200000.0
14669,200000.0
13871,200000.0
4126,200000.0
12114,200000.0
16607,200000.0
4266,200000.0
13518,200000.0
11856,200000.0
3885,200000.0
8891,200000.0
4964,200000.0
7696,200000.0
6894,200000.0
9766,200000.0
4800,200000.0
2840,200000.0
4743,200000.0
13562,200000.0
8301,200000.0
5405,200000.0
1535,200000.0
9073,200000.0
1698,200000.0
12262,200000.0
6794,200000.0
12701,200000.0
8432,200000.0
13540,200000.0
8629,200000.0
1440,200000.0
8596,200000.0
9575,200000.0
14976,200000.0
3149,200000.0
5157,200000.0
10748,200000.0
9719,200000.0
6376,200000.0
9733,200000.0
4749,200000.0
4994,200000.0
538,200000.0
5512,200000.0
9778,200000.0
9761,200000.0
3174,200000.0
13429,200000.0
10467,200000.0
14129,200000.0
13608,200000.0
11106,200000.0
12048,200000.0
1054,200000.0
3582,200000.0
1566,200000.0
11529,200000.0
11859,200000.0
10582,200000.0
14907,200000.0
14039,200000.0
10489,200000.0
3331,200000.0
10153,200000.0
5271,200000.0
11871,200000.0
776,200000.0
3994,200000.0
9433,200000.0
14275,200000.0
8030,200000.0
8169,200000.0
8053,200000.0
4822,200000.0
13197,200000.0
13634,200000.0
8951,200000.0
12176,200000.0
15471,200000.0
14962,200000.0
12512,200000.0
8697,200000.0
7095,200000.0
13639,200000.0
16660,200000.0
5848,200000.0
5386,200000.0
10880,200000.0
3954,200000.0
13426,200000.0
5966,200000.0
16315,200000.0
7455,200000.0
11071,200000.0
14740,200000.0
16087,200000.0
8931,200000.0
15289,200000.0
16089,200000.0
12128,200000.0
4724,200000.0
8585,200000.0
7188,200000.0
5423,200000.0
10488,200000.0
5980,200000.0
8376,200000.0
12397,200000.0
16496,200000.0
4891,200000.0
9710,200000.0
6339,200000.0
244,200000.0
5002,200000.0
5358,200000.0
7636,200000.0
9361,200000.0
3601,200000.0
15755,200000.0
172,200000.0
3037,200000.0
577,200000.0
3607,200000.0
2515,200000.0
10413,200000.0
10511,200000.0
4637,200000.0
12736,200000.0
9534,200000.0
11641,200000.0
10419,200000.0
15313,200000.0
14915,200000.0
12409,200000.0
9405,200000.0
14066,200000.0
14108,200000.0
11931,200000.0
11464,200000.0
926,200000.0
11190,200000.0
10260,200000.0
12712,200000.0
1234,200000.0
11608,200000.0
3776,200000.0
4881,200000.0
10266,200000.0
3262,200000.0
3576,200000.0
16604,200000.0
8041,200000.0
10691,200000.0
8357,200000.0
11661,200000.0
4453,200000.0
15936,200000.0
8463,200000.0
15770,200000.0
466,200000.0
14965,200000.0
11227,200000.0
9894,200000.0
11746,200000.0
4118,200000.0
756,200000.0
15589,200000.0
109,200000.0
5778,200000.0
1731,200000.0
3450,200000.0
2961,200000.0
222,200000.0
11454,200000.0
7339,200000.0
12096,200000.0
14074,200000.0
4058,200000.0
6603,200000.0
3289,200000.0
16681,200000.0
8200,200000.0
3343,200000.0
7802,200000.0
2082,200000.0
217,200000.0
1720,200000.0
7224,200000.0
6176,200000.0
12571,200000.0
16666,200000.0
8908,200000.0
6914,200000.0
5428,200000.0
381,200000.0
3991,200000.0
16365,200000.0
1046,200000.0
391,200000.0
9212,200000.0
3022,200000.0
9961,200000.0
6764,200000.0
7720,200000.0
4809,200000.0
8877,200000.0
7817,200000.0
10614,200000.0
5553,200000.0
16488,200000.0
11002,200000.0
13592,200000.0
15050,200000.0
13553,200000.0
9041,200000.0
5461,200000.0
16274,200000.0
2138,200000.0
6245,200000.0
8245,200000.0
6491,200000.0
13218,200000.0
13101,200000.0
10462,200000.0
4079,200000.0
1506,200000.0
14107,200000.0
12215,200000.0
11576,200000.0
10567,200000.0
12713,200000.0
1468,200000.0
2549,200000.0
4172,200000.0
12380,200000.0
3513,200000.0
8165,200000.0
1127,200000.0
14601,200000.0
15526,200000.0
986,200000.0
14968,200000.0
9348,200000.0
6317,200000.0
7497,200000.0
5079,200000.0
528,200000.0
10964,200000.0
5812,200000.0
11022,200000.0
16251,200000.0
5863,200000.0
8664,200000.0
5396,200000.0
6917,200000.0
12776,200000.0
473,200000.0
13333,200000.0
13023,200000.0
7357,200000.0
10955,200000.0
11914,200000.0
12535,200000.0
11205,200000.0
13209,200000.0
16119,200000.0
2174,200000.0
4834,200000.0
10151,200000.0
5584,200000.0
6672,200000.0
12858,200000.0
5106,200000.0
8884,200000.0
13766,200000.0
12556,200000.0
12910,200000.0
6258,200000.0
7100,200000.0
1793,200000.0
3335,200000.0
12835,200000.0
10591,200000.0
15707,200000.0
16389,200000.0
7440,200000.0
6293,200000.0
3937,200000.0
16527,200000.0
5102,200000.0
10734,200000.0
7986,200000.0
6495,200000.0
9571,200000.0
5131,200000.0
10761,200000.0
143,200000.0
13829,200000.0
13662,200000.0
1771,200000.0
5448,200000.0
8594,200000.0
12038,200000.0
16471,200000.0
16764,200000.0
1282,200000.0
15101,200000.0
9473,200000.0
2324,200000.0
14448,200000.0
6000,200000.0
2077,200000.0
12960,200000.0
15837,200000.0
8805,200000.0
9987,200000.0
1580,200000.0
11089,200000.0
10926,200000.0
12773,200000.0
6490,200000.0
10858,200000.0
2831,200000.0
16326,200000.0
371,200000.0
8852,200000.0
6713,200000.0
4230,200000.0
3639,200000.0
3642,200000.0
5149,200000.0
2861,200000.0
13300,200000.0
2807,200000.0
5919,200000.0
12716,200000.0
4271,200000.0
16055,200000.0
3747,200000.0
5857,200000.0
6884,200000.0
16027,200000.0
3512,200000.0
5181,200000.0
16732,200000.0
1908,200000.0
12082,200000.0
7286,200000.0
8216,200000.0
6929,200000.0
3950,200000.0
12479,200000.0
877,200000.0
1366,200000.0
384,200000.0
5767,200000.0
6910,200000.0
187,200000.0
10164,200000.0
8603,200000.0
15834,200000.0
3078,200000.0
3479,200000.0
6671,200000.0
6078,200000.0
16271,200000.0
16191,200000.0
11544,200000.0
7781,200000.0
14918,200000.0
6238,200000.0
12989,200000.0
11907,200000.0
9696,200000.0
14084,200000.0
3895,200000.0
4367,200000.0
8453,200000.0
7638,200000.0
8373,200000.0
4674,200000.0
15787,200000.0
5903,200000.0
13679,200000.0
9018,200000.0
15823,200000.0
13289,200000.0
9896,200000.0
14436,200000.0
5547,200000.0
4048,200000.0
16579,200000.0
8550,200000.0
9385,200000.0
5242,200000.0
31,200000.0
6144,200000.0
3990,200000.0
2523,200000.0
12608,200000.0
7234,200000.0
15264,200000.0
9623,200000.0
3161,200000.0
7425,200000.0
13021,200000.0
4044,200000.0
15411,200000.0
979,200000.0
5514,200000.0
4817,200000.0
2115,200000.0
10571,200000.0
8992,200000.0
15546,200000.0
11359,200000.0
11972,200000.0
12838,200000.0
5948,200000.0
422,200000.0
4855,200000.0
16197,200000.0
8926,200000.0
5703,200000.0
8848,200000.0
7039,200000.0
3806,200000.0
15154,200000.0
13132,200000.0
7438,200000.0
4398,200000.0
2440,200000.0
3751,200000.0
1476,200000.0
2264,200000.0
16444,200000.0
10704,200000.0
4033,200000.0
4508,200000.0
16290,200000.0
10387,200000.0
5457,200000.0
4910,200000.0
7451,200000.0
10732,200000.0
8015,200000.0
6148,200000.0
5892,200000.0
7825,200000.0
6851,200000.0
6633,200000.0
2139,200000.0
10213,200000.0
2830,200000.0
13907,200000.0
15897,200000.0
8311,200000.0
14230,200000.0
3878,200000.0
13732,200000.0
12110,200000.0
10675,200000.0
12946,200000.0
16754,200000.0
4394,200000.0
16728,200000.0
14378,200000.0
9949,200000.0
994,200000.0
13258,200000.0
5883,200000.0
6933,200000.0
13193,200000.0
13286,200000.0
13407,200000.0
7512,200000.0
7221,200000.0
14428,200000.0
1740,200000.0
3,200000.0
12952,200000.0
11537,200000.0
2558,200000.0
14081,200000.0
3517,200000.0
7149,200000.0
15777,200000.0
8995,200000.0
826,200000.0
509,200000.0
14875,200000.0
6591,200000.0
11283,200000.0
9897,200000.0
14902,200000.0
14291,200000.0
3162,200000.0
4206,200000.0
11580,200000.0
2007,200000.0
14939,200000.0
13572,200000.0
10720,200000.0
4253,200000.0
10857,200000.0
6254,200000.0
14681,200000.0
8080,200000.0
8006,200000.0
13135,200000.0
4527,200000.0
12688,200000.0
15920,200000.0
16786,200000.0
16637,200000.0
949,200000.0
10696,200000.0
605,200000.0
10819,200000.0
9490,200000.0
1813,200000.0
15958,200000.0
10873,200000.0
14381,200000.0
5745,200000.0
286,200000.0
14799,200000.0
437,200000.0
12172,200000.0
8534,200000.0
14463,200000.0
13672,200000.0
6720,200000.0
16057,200000.0
2659,200000.0
11649,200000.0
4478,200000.0
555,200000.0
4819,200000.0
15188,200000.0
16115,200000.0
11427,200000.0
15483,200000.0
829,200000.0
13576,200000.0
13810,200000.0
1052,200000.0
10673,200000.0
8525,200000.0
13154,200000.0
13856,200000.0
5125,200000.0
5551,200000.0
14262,200000.0
8872,200000.0
10341,200000.0
7231,200000.0
10950,200000.0
4031,200000.0
13852,200000.0
5886,200000.0
859,200000.0
9436,200000.0
13638,200000.0
15337,200000.0
5506,200000.0
13550,200000.0
12630,200000.0
6466,200000.0
3282,200000.0
4474,200000.0
138,200000.0
15490,200000.0
11584,200000.0
13309,200000.0
8860,200000.0
14037,200000.0
1329,200000.0
2198,200000.0
1210,200000.0
10076,200000.0
6692,200000.0
6074,200000.0
13921,200000.0
1646,200000.0
11676,200000.0
683,200000.0
4839,200000.0
12392,200000.0
5206,200000.0
9104,200000.0
15554,200000.0
1590,200000.0
7894,200000.0
9286,200000.0
15364,200000.0
8260,200000.0
5746,200000.0
3357,200000.0
4755,200000.0
5896,200000.0
16520,200000.0
8880,200000.0
9321,200000.0
16463,200000.0
4861,200000.0
5687,200000.0
2785,200000.0
5571,200000.0
11070,200000.0
11577,200000.0
3993,200000.0
10908,200000.0
3696,200000.0
1755,200000.0
4053,200000.0
11954,200000.0
15294,200000.0
12452,200000.0
2202,200000.0
13564,200000.0
5134,200000.0
7447,200000.0
5929,200000.0
16714,200000.0
13005,200000.0
11740,200000.0
3535,200000.0
11837,200000.0
7382,200000.0
16709,200000.0
5908,200000.0
16333,200000.0
14776,200000.0
831,200000.0
5944,200000.0
1764,200000.0
5782,200000.0
7091,200000.0
7871,200000.0
10449,200000.0
15137,200000.0
2181,200000.0
8667,200000.0
4207,200000.0
3528,200000.0
5611,200000.0
5894,200000.0
14255,200000.0
16064,200000.0
5076,200000.0
3537,200000.0
6369,200000.0
1938,200000.0
11844,200000.0
7717,200000.0
3800,200000.0
6897,200000.0
255,200000.0
607,200000.0
6368,200000.0
15211,200000.0
13229,200000.0
6091,200000.0
14260,200000.0
15104,200000.0
7378,200000.0
12575,200000.0
137,200000.0
14572,200000.0
12530,200000.0
512,200000.0
7251,200000.0
4545,200000.0
14928,200000.0
3934,200000.0
12097,200000.0
10979,200000.0
16455,200000.0
4190,200000.0
7577,200000.0
11609,200000.0
2346,200000.0
7363,200000.0
13535,200000.0
9864,200000.0
16645,200000.0
2689,200000.0
5994,200000.0
14493,200000.0
7391,200000.0
13674,200000.0
7137,200000.0
5438,200000.0
10693,200000.0
9037,200000.0
14329,200000.0
11660,200000.0
9734,200000.0
12046,200000.0
11704,200000.0
7843,200000.0
3499,200000.0
16012,200000.0
15759,200000.0
10884,200000.0
9115,200000.0
4066,200000.0
12745,200000.0
9627,200000.0
12977,200000.0
7620,200000.0
11955,200000.0
271,200000.0
16091,200000.0
2193,200000.0
6190,200000.0
7071,200000.0
14320,200000.0
15578,200000.0
267,200000.0
1930,200000.0
7426,200000.0
13890,200000.0
4176,200000.0
5453,200000.0
5526,200000.0
8780,200000.0
10299,200000.0
959,200000.0
3458,200000.0
5363,200000.0
9281,200000.0
8076,200000.0
2492,200000.0
4746,200000.0
11380,200000.0
10881,200000.0
16392,200000.0
8071,200000.0
16740,200000.0
4846,200000.0
5299,200000.0
2046,200000.0
11623,200000.0
6539,200000.0
12234,200000.0
14240,200000.0
3443,200000.0
2127,200000.0
11259,200000.0
7889,200000.0
16655,200000.0
15790,200000.0
3686,200000.0
4392,200000.0
3103,200000.0
7047,200000.0
13014,200000.0
11269,200000.0
4304,200000.0
13513,200000.0
12969,200000.0
6966,200000.0
8883,200000.0
6064,200000.0
12341,200000.0
10107,200000.0
130,200000.0
2406,200000.0
6089,200000.0
316,200000.0
15812,200000.0
7053,200000.0
14691,200000.0
11881,200000.0
13503,200000.0
9569,200000.0
9846,200000.0
14415,200000.0
14873,200000.0
11180,200000.0
7256,200000.0
3721,200000.0
1211,200000.0
14887,200000.0
16220,200000.0
15451,200000.0
1602,200000.0
8917,200000.0
15595,200000.0
15242,200000.0
3957,200000.0
14923,200000.0
3087,200000.0
12959,200000.0
13631,200000.0
12704,200000.0
15197,200000.0
12599,200000.0
8761,200000.0
13013,200000.0
3464,200000.0
2366,200000.0
10845,200000.0
8092,200000.0
10528,200000.0
7132,200000.0
8958,200000.0
7959,200000.0
4847,200000.0
1477,200000.0
8264,200000.0
10048,200000.0
10492,200000.0
3859,200000.0
8676,200000.0
8146,200000.0
1619,200000.0
12609,200000.0
11001,200000.0
3644,200000.0
8362,200000.0
537,200000.0
1298,200000.0
1023,200000.0
8659,200000.0
11538,200000.0
16036,200000.0
2392,200000.0
12099,200000.0
12935,200000.0
1050,200000.0
3068,200000.0
2083,200000.0
7652,200000.0
8696,200000.0
11183,200000.0
11386,200000.0
10752,200000.0
3371,200000.0
4149,200000.0
16775,200000.0
12187,200000.0
14421,200000.0
13693,200000.0
6560,200000.0
3497,200000.0
3396,200000.0
1223,200000.0
14796,200000.0
16190,200000.0
6060,200000.0
10111,200000.0
10983,200000.0
11228,200000.0
13208,200000.0
525,200000.0
6923,200000.0
6785,200000.0
3731,200000.0
16577,200000.0
6518,200000.0
6610,200000.0
5509,200000.0
9942,200000.0
10148,200000.0
5351,200000.0
11029,200000.0
6561,200000.0
10056,200000.0
13913,200000.0
1906,200000.0
5081,200000.0
6341,200000.0
1859,200000.0
3336,200000.0
14163,200000.0
6204,200000.0
13285,200000.0
11492,200000.0
14596,200000.0
4696,200000.0
4771,200000.0
11296,200000.0
5851,200000.0
2850,200000.0
10011,200000.0
5988,200000.0
2316,200000.0
3211,200000.0
13525,200000.0
6383,200000.0
1420,200000.0
11748,200000.0
4222,200000.0
8363,200000.0
4412,200000.0
14384,200000.0
9844,200000.0
9315,200000.0
11604,200000.0
10644,200000.0
12995,200000.0
16615,200000.0
1959,200000.0
14562,200000.0
11934,200000.0
8494,200000.0
4255,200000.0
13000,200000.0
2461,200000.0
13661,200000.0
2886,200000.0
519,200000.0
5440,200000.0
10353,200000.0
12305,200000.0
2983,200000.0
12032,200000.0
743,200000.0
8250,200000.0
7890,200000.0
4722,200000.0
15358,200000.0
4183,200000.0
3970,200000.0
303,200000.0
2207,200000.0
4022,200000.0
1132,200000.0
12278,200000.0
9280,200000.0
14940,200000.0
6413,200000.0
15213,200000.0
9656,200000.0
12036,200000.0
3151,200000.0
15530,200000.0
13263,200000.0
6750,200000.0
11488,200000.0
9532,200000.0
8462,200000.0
11494,200000.0
10270,200000.0
5476,200000.0
12486,200000.0
5501,200000.0
15871,200000.0
14733,200000.0
6103,200000.0
7911,200000.0
4359,200000.0
9595,200000.0
13851,200000.0
7854,200000.0
8684,200000.0
15239,200000.0
10012,200000.0
14995,200000.0
9791,200000.0
5567,200000.0
10883,200000.0
25,200000.0
939,200000.0
9919,200000.0
6321,200000.0
16767,200000.0
16464,200000.0
3170,200000.0
1522,200000.0
5138,200000.0
797,200000.0
14586,200000.0
2872,200000.0
4259,200000.0
16616,200000.0
16512,200000.0
9663,200000.0
245,200000.0
16369,200000.0
5254,200000.0
8672,200000.0
8004,200000.0
3109,200000.0
2588,200000.0
8814,200000.0
15888,200000.0
14668,200000.0
13432,200000.0
7981,200000.0
2048,200000.0
1667,200000.0
2349,200000.0
6136,200000.0
8166,200000.0
1709,200000.0
14649,200000.0
9187,200000.0
2927,200000.0
10220,200000.0
6331,200000.0
7044,200000.0
1736,200000.0
1840,200000.0
4852,200000.0
13311,200000.0
3330,200000.0
7004,200000.0
12472,200000.0
7664,200000.0
16537,200000.0
15032,200000.0
5325,200000.0
800,200000.0
1438,200000.0
3953,200000.0
7135,200000.0
10371,200000.0
709,200000.0
4836,200000.0
14709,200000.0
2216,200000.0
11948,200000.0
5221,200000.0
159,200000.0
15775,200000.0
4818,200000.0
10222,200000.0
9867,200000.0
11763,200000.0
511,200000.0
9337,200000.0
15529,200000.0
9134,200000.0
2759,200000.0
1458,200000.0
13261,200000.0
11772,200000.0
8107,200000.0
13847,200000.0
14414,200000.0
12833,200000.0
5282,200000.0
13760,200000.0
430,200000.0
12580,200000.0
10985,200000.0
14321,200000.0
15960,200000.0
4803,200000.0
6741,200000.0
4046,200000.0
5060,200000.0
9593,200000.0
8088,200000.0
13888,200000.0
12065,200000.0
13336,200000.0
2449,200000.0
7499,200000.0
11082,200000.0
211,200000.0
11469,200000.0
5452,200000.0
7732,200000.0
10080,200000.0
15088,200000.0
6112,200000.0
7903,200000.0
2249,200000.0
79,200000.0
13941,200000.0
6693,200000.0
1156,200000.0
3877,200000.0
2864,200000.0
4519,200000.0
4712,200000.0
4642,200000.0
4766,200000.0
2429,200000.0
12013,200000.0
12309,200000.0
5505,200000.0
13711,200000.0
10483,200000.0
1648,200000.0
9391,200000.0
699,200000.0
7034,200000.0
10415,200000.0
839,200000.0
7602,200000.0
15682,200000.0
16354,200000.0
13686,200000.0
5026,200000.0
3081,200000.0
5009,200000.0
4173,200000.0
3228,200000.0
15482,200000.0
5700,200000.0
6252,200000.0
8207,200000.0
2984,200000.0
3507,200000.0
15950,200000.0
13377,200000.0
15594,200000.0
11798,200000.0
13493,200000.0
4976,200000.0
3771,200000.0
1107,200000.0
16171,200000.0
15257,200000.0
6221,200000.0
4936,200000.0
6343,200000.0
16109,200000.0
15352,200000.0
9489,200000.0
14029,200000.0
4879,200000.0
6828,200000.0
11950,200000.0
14964,200000.0
9074,200000.0
10514,200000.0
10702,200000.0
3476,200000.0
15469,200000.0
5608,200000.0
13446,200000.0
1683,200000.0
6759,200000.0
186,200000.0
7822,200000.0
7017,200000.0
1944,200000.0
10515,200000.0
2824,200000.0
3649,200000.0
8228,200000.0
6599,200000.0
9165,200000.0
12316,200000.0
11720,200000.0
13943,200000.0
15315,200000.0
14812,200000.0
4799,200000.0
2600,200000.0
5724,200000.0
3033,200000.0
2985,200000.0
8885,200000.0
12691,200000.0
15079,200000.0
14599,200000.0
7681,200000.0
5849,200000.0
675,200000.0
4343,200000.0
3122,200000.0
16602,200000.0
2211,200000.0
12965,200000.0
11016,200000.0
15756,200000.0
16151,200000.0
10746,200000.0
14130,200000.0
2231,200000.0
12325,200000.0
8949,200000.0
2859,200000.0
6797,200000.0
5793,200000.0
1000,200000.0
7364,200000.0
13802,200000.0
12755,200000.0
10782,200000.0
13169,200000.0
9007,200000.0
2118,200000.0
14517,200000.0
3001,200000.0
11913,200000.0
4030,200000.0
5323,200000.0
3572,200000.0
10290,200000.0
15321,200000.0
12795,200000.0
8845,200000.0
14559,200000.0
1435,200000.0
6180,200000.0
10590,200000.0
3889,200000.0
13160,200000.0
15254,200000.0
2436,200000.0
1770,200000.0
912,200000.0
12385,200000.0
2188,200000.0
13444,200000.0
11487,200000.0
14836,200000.0
4923,200000.0
15779,200000.0
8900,200000.0
10932,200000.0
6085,200000.0
6762,200000.0
1005,200000.0
16552,200000.0
13248,200000.0
6580,200000.0
10706,200000.0
8539,200000.0
10743,200000.0
9243,200000.0
10609,200000.0
9638,200000.0
5399,200000.0
1222,200000.0
4124,200000.0
2131,200000.0
12869,200000.0
7899,200000.0
3251,200000.0
11088,200000.0
14653,200000.0
3010,200000.0
12160,200000.0
6288,200000.0
14890,200000.0
13437,200000.0
2385,200000.0
16650,200000.0
10159,200000.0
7940,200000.0
12953,200000.0
9803,200000.0
14247,200000.0
5251,200000.0
14337,200000.0
9967,200000.0
4618,200000.0
15378,200000.0
8963,200000.0
2472,200000.0
8736,200000.0
14823,200000.0
8675,200000.0
13596,200000.0
16487,200000.0
12629,200000.0
11965,200000.0
4136,200000.0
13012,200000.0
5309,200000.0
517,200000.0
9553,200000.0
10120,200000.0
5991,200000.0
9862,200000.0
9420,200000.0
4968,200000.0
11904,200000.0
15824,200000.0
9365,200000.0
14879,200000.0
8205,200000.0
15184,200000.0
1918,200000.0
16013,200000.0
9802,200000.0
13752,200000.0
16156,200000.0
5194,200000.0
2746,200000.0
15982,200000.0
5605,200000.0
8288,200000.0
5707,200000.0
7933,200000.0
8324,200000.0
2506,200000.0
12293,200000.0
10551,200000.0
5346,200000.0
4197,200000.0
3237,200000.0
3390,200000.0
9751,200000.0
1391,200000.0
1928,200000.0
10992,200000.0
6792,200000.0
5663,200000.0
13280,200000.0
5218,200000.0
16748,200000.0
15835,200000.0
14850,200000.0
1359,200000.0
7428,200000.0
4201,200000.0
13089,200000.0
7182,200000.0
1467,200000.0
9829,200000.0
4344,200000.0
4129,200000.0
1905,200000.0
93,200000.0
8320,200000.0
12070,200000.0
8290,200000.0
11005,200000.0
116,200000.0
12275,200000.0
12588,200000.0
11378,200000.0
10961,200000.0
10251,200000.0
1152,200000.0
12167,200000.0
11569,200000.0
4141,200000.0
7614,200000.0
13805,200000.0
14680,200000.0
13543,200000.0
6786,200000.0
13529,200000.0
9158,200000.0
5360,200000.0
6098,200000.0
11174,200000.0
307,200000.0
1892,200000.0
6948,200000.0
2227,200000.0
12790,200000.0
3653,200000.0
2912,200000.0
16735,200000.0
5446,200000.0
8532,200000.0
10311,200000.0
10051,200000.0
918,200000.0
2766,200000.0
734,200000.0
6882,200000.0
15971,200000.0
1735,200000.0
442,200000.0
7228,200000.0
507,200000.0
8461,200000.0
4514,200000.0
4133,200000.0
14803,200000.0
14297,200000.0
9924,200000.0
13797,200000.0
8497,200000.0
8729,200000.0
16046,200000.0
15087,200000.0
2874,200000.0
7415,200000.0
13893,200000.0
12611,200000.0
7779,200000.0
8221,200000.0
7790,200000.0
12728,200000.0
3372,200000.0
12845,200000.0
13107,200000.0
2475,200000.0
5820,200000.0
14505,200000.0
382,200000.0
1339,200000.0
4940,200000.0
1481,200000.0
9025,200000.0
14636,200000.0
10668,200000.0
2025,200000.0
2910,200000.0
5836,200000.0
3444,200000.0
11165,200000.0
16000,200000.0
5281,200000.0
15350,200000.0
7321,200000.0
2863,200000.0
3563,200000.0
5094,200000.0
1027,200000.0
7953,200000.0
1788,200000.0
11061,200000.0
1839,200000.0
7766,200000.0
2250,200000.0
14701,200000.0
13149,200000.0
14040,200000.0
13370,200000.0
9312,200000.0
10493,200000.0
11985,200000.0
2698,200000.0
4659,200000.0
3002,200000.0
4795,200000.0
3986,200000.0
1753,200000.0
6681,200000.0
14801,200000.0
14252,200000.0
5017,200000.0
12267,200000.0
10681,200000.0
10800,200000.0
13910,200000.0
355,200000.0
12255,200000.0
10435,200000.0
13840,200000.0
7656,200000.0
1659,200000.0
2333,200000.0
4580,200000.0
12699,200000.0
9974,200000.0
14083,200000.0
15347,200000.0
1473,200000.0
4984,200000.0
9203,200000.0
5806,200000.0
5590,200000.0
4509,200000.0
763,200000.0
3067,200000.0
1143,200000.0
15403,200000.0
10793,200000.0
4849,200000.0
10717,200000.0
5430,200000.0
5874,200000.0
11286,200000.0
4407,200000.0
11998,200000.0
1131,200000.0
11920,200000.0
12404,200000.0
6552,200000.0
8459,200000.0
4704,200000.0
13883,200000.0
13830,200000.0
13273,200000.0
11323,200000.0
13257,200000.0
15846,200000.0
9132,200000.0
2909,200000.0
15927,200000.0
16500,200000.0
15974,200000.0
1278,200000.0
2893,200000.0
16128,200000.0
12794,200000.0
1341,200000.0
9219,200000.0
2982,200000.0
3113,200000.0
14358,200000.0
295,200000.0
732,200000.0
14926,200000.0
9155,200000.0
2045,200000.0
3879,200000.0
5361,200000.0
9750,200000.0
1711,200000.0
13269,200000.0
7020,200000.0
832,200000.0
4009,200000.0
5184,200000.0
13844,200000.0
12471,200000.0
1294,200000.0
6058,200000.0
15614,200000.0
7214,200000.0
9841,200000.0
4639,200000.0
5018,200000.0
1139,200000.0
2896,200000.0
7987,200000.0
13272,200000.0
13454,200000.0
14287,200000.0
414,200000.0
1524,200000.0
5818,200000.0
973,200000.0
2888,200000.0
6269,200000.0
7343,200000.0
14834,200000.0
10672,200000.0
2595,200000.0
12843,200000.0
8973,200000.0
13539,200000.0
12351,200000.0
12322,200000.0
13659,200000.0
14758,200000.0
14157,200000.0
9874,200000.0
11513,200000.0
5034,200000.0
6779,200000.0
8009,200000.0
891,200000.0
6663,200000.0
11506,200000.0
4740,200000.0
9254,200000.0
2609,200000.0
13601,200000.0
3862,200000.0
16490,200000.0
8819,200000.0
6836,200000.0
16232,200000.0
15988,200000.0
6009,200000.0
15339,200000.0
2953,200000.0
8340,200000.0
8723,200000.0
6760,200000.0
7960,200000.0
13358,200000.0
2009,200000.0
9977,200000.0
12445,200000.0
11130,200000.0
9205,200000.0
9078,200000.0
8317,200000.0
13108,200000.0
15196,200000.0
12406,200000.0
5946,200000.0
5538,200000.0
16264,200000.0
3752,200000.0
13995,200000.0
181,200000.0
13304,200000.0
4262,200000.0
11552,200000.0
817,200000.0
1198,200000.0
16535,200000.0
450,200000.0
13207,200000.0
1551,200000.0
250,200000.0
11528,200000.0
16350,200000.0
4573,200000.0
7990,200000.0
2372,200000.0
193,200000.0
8713,200000.0
7617,200000.0
1215,200000.0
3107,200000.0
8756,200000.0
15942,200000.0
7540,200000.0
14629,200000.0
8109,200000.0
10816,200000.0
10205,200000.0
4462,200000.0
9908,200000.0
11376,200000.0
16108,200000.0
13832,200000.0
3744,200000.0
15265,200000.0
5422,200000.0
2941,200000.0
15866,200000.0
15172,200000.0
15904,200000.0
5679,200000.0
5825,200000.0
3958,200000.0
8591,200000.0
1475,200000.0
2397,200000.0
12419,200000.0
7533,200000.0
10339,200000.0
8760,200000.0
13040,200000.0
5620,200000.0
4840,200000.0
10464,200000.0
7543,200000.0
1320,200000.0
2272,200000.0
6550,200000.0
4518,200000.0
2340,200000.0
1484,200000.0
1233,200000.0
12897,200000.0
15344,200000.0
7061,200000.0
13807,200000.0
487,200000.0
12297,200000.0
13452,200000.0
5624,200000.0
4483,200000.0
265,200000.0
503,200000.0
8919,200000.0
3102,200000.0
5190,200000.0
7699,200000.0
15080,200000.0
2439,200000.0
4387,200000.0
7427,200000.0
16056,200000.0
14546,200000.0
12353,200000.0
6991,200000.0
18,200000.0
459,200000.0
433,200000.0
12001,200000.0
4428,200000.0
2650,200000.0
5652,200000.0
9455,200000.0
469,200000.0
14997,200000.0
624,200000.0
798,200000.0
12317,200000.0
9011,200000.0
2923,200000.0
7130,200000.0
1616,200000.0
134,200000.0
7463,200000.0
15732,200000.0
3275,200000.0
6621,200000.0
10570,200000.0
6105,200000.0
6858,200000.0
1929,200000.0
14583,200000.0
354,200000.0
6378,200000.0
13192,200000.0
3602,200000.0
9148,200000.0
5459,200000.0
12800,200000.0
11077,200000.0
7301,200000.0
10775,200000.0
15009,200000.0
8770,200000.0
9996,200000.0
6810,200000.0
11364,200000.0
7252,200000.0
5910,200000.0
13187,200000.0
14678,200000.0
426,200000.0
4099,200000.0
13496,200000.0
8005,200000.0
9467,200000.0
6732,200000.0
11617,200000.0
5439,200000.0
14195,200000.0
10131,200000.0
12788,200000.0
13988,200000.0
12153,200000.0
6270,200000.0
10988,200000.0
8,200000.0
146,200000.0
3764,200000.0
5118,200000.0
11023,200000.0
2951,200000.0
10101,200000.0
4729,200000.0
8148,200000.0
15305,200000.0
8325,200000.0
1935,200000.0
2839,200000.0
1845,200000.0
2842,200000.0
14019,200000.0
11188,200000.0
15199,200000.0
12563,200000.0
5231,200000.0
7555,200000.0
10436,200000.0
14610,200000.0
5912,200000.0
12443,200000.0
15918,200000.0
11051,200000.0
2714,200000.0
10766,200000.0
15508,200000.0
12118,200000.0
9160,200000.0
12019,200000.0
12062,200000.0
9176,200000.0
6135,200000.0
6563,200000.0
5962,200000.0
5783,200000.0
2580,200000.0
802,200000.0
956,200000.0
8690,200000.0
1228,200000.0
15046,200000.0
5603,200000.0
5199,200000.0
3842,200000.0
7671,200000.0
5214,200000.0
4381,200000.0
4620,200000.0
6289,200000.0
2692,200000.0
9671,200000.0
10115,200000.0
3164,200000.0
10277,200000.0
2836,200000.0
10486,200000.0
13313,200000.0
928,200000.0
12266,200000.0
16085,200000.0
2260,200000.0
751,200000.0
5943,200000.0
10141,200000.0
337,200000.0
12212,200000.0
1910,200000.0
13403,200000.0
3061,200000.0
2733,200000.0
14115,200000.0
2446,200000.0
2183,200000.0
1926,200000.0
6044,200000.0
6783,200000.0
11437,200000.0
10625,200000.0
11817,200000.0
10545,200000.0
3133,200000.0
2690,200000.0
12705,200000.0
4707,200000.0
8509,200000.0
8065,200000.0
14342,200000.0
7809,200000.0
9403,200000.0
1874,200000.0
14313,200000.0
16466,200000.0
10740,200000.0
336,200000.0
14024,200000.0
11170,200000.0
4606,200000.0
12470,200000.0
11636,200000.0
11761,200000.0
4609,200000.0
2330,200000.0
14557,200000.0
1409,200000.0
11189,200000.0
9899,200000.0
5032,200000.0
13387,200000.0
7565,200000.0
3409,200000.0
2898,200000.0
6632,200000.0
2029,200000.0
13254,200000.0
1663,200000.0
16706,200000.0
1723,200000.0
10023,200000.0
11903,200000.0
12450,200000.0
15580,200000.0
11011,200000.0
16756,200000.0
13366,200000.0
10440,200000.0
13961,200000.0
3015,200000.0
5648,200000.0
11547,200000.0
12886,200000.0
9198,200000.0
12434,200000.0
10605,200000.0
11593,200000.0
866,200000.0
14734,200000.0
5038,200000.0
5702,200000.0
4937,200000.0
11820,200000.0
106,200000.0
7736,200000.0
591,200000.0
11462,200000.0
15858,200000.0
15205,200000.0
7607,200000.0
3457,200000.0
9129,200000.0
4161,200000.0
13565,200000.0
13575,200000.0
7522,200000.0
1419,200000.0
13109,200000.0
11539,200000.0
15627,200000.0
16080,200000.0
8818,200000.0
15655,200000.0
1649,200000.0
7741,200000.0
15168,200000.0
12810,200000.0
16689,200000.0
9976,200000.0
907,200000.0
13986,200000.0
2710,200000.0
12889,200000.0
3214,200000.0
10022,200000.0
15217,200000.0
15719,200000.0
4515,200000.0
16716,200000.0
14523,200000.0
9989,200000.0
13618,200000.0
1158,200000.0
15397,200000.0
11680,200000.0
11329,200000.0
7431,200000.0
4539,200000.0
8543,200000.0
13784,200000.0
1073,200000.0
5334,200000.0
14316,200000.0
8350,200000.0
2838,200000.0
15543,200000.0
11933,200000.0
2932,200000.0
5859,200000.0
8102,200000.0
14265,200000.0
11906,200000.0
11418,200000.0
15990,200000.0
14498,200000.0
2076,200000.0
14742,200000.0
14578,200000.0
16733,200000.0
10126,200000.0
8331,200000.0
12233,200000.0
2695,200000.0
11610,200000.0
6902,200000.0
4109,200000.0
13330,200000.0
3320,200000.0
9,200000.0
16231,200000.0
13771,200000.0
1778,200000.0
11730,200000.0
3543,200000.0
423,200000.0
6957,200000.0
12076,200000.0
4974,200000.0
5546,200000.0
4064,200000.0
7924,200000.0
6776,200000.0
7410,200000.0
8956,200000.0
4709,200000.0
11148,200000.0
14788,200000.0
12876,200000.0
1596,200000.0
16214,200000.0
8752,200000.0
12644,200000.0
4198,200000.0
15592,200000.0
10685,200000.0
14466,200000.0
16434,200000.0
14341,200000.0
12708,200000.0
13262,200000.0
11318,200000.0
2033,200000.0
15857,200000.0
16554,200000.0
10771,200000.0
15708,200000.0
11637,200000.0
2870,200000.0
7582,200000.0
9739,200000.0
9342,200000.0
6338,200000.0
13046,200000.0
12579,200000.0
6342,200000.0
7160,200000.0
1324,200000.0
12991,200000.0
13756,200000.0
6019,200000.0
10078,200000.0
2343,200000.0
16275,200000.0
5696,200000.0
1,200000.0
2248,200000.0
15628,200000.0
682,200000.0
14884,200000.0
11031,200000.0
4001,200000.0
8533,200000.0
15147,200000.0
12747,200000.0
13168,200000.0
12829,200000.0
2675,200000.0
882,200000.0
14577,200000.0
7264,200000.0
13799,200000.0
2219,200000.0
15208,200000.0
9178,200000.0
9876,200000.0
14506,200000.0
1695,200000.0
6661,200000.0
12200,200000.0
7963,200000.0
3209,200000.0
8164,200000.0
7584,200000.0
7873,200000.0
11212,200000.0
13736,200000.0
626,200000.0
6284,200000.0
13728,200000.0
7099,200000.0
1618,200000.0
7201,200000.0
5902,200000.0
15739,200000.0
9546,200000.0
9505,200000.0
7818,200000.0
15324,200000.0
7289,200000.0
4548,200000.0
13058,200000.0
13623,200000.0
2668,200000.0
2799,200000.0
3867,200000.0
8658,200000.0
9543,200000.0
987,200000.0
6209,200000.0
7939,200000.0
16478,200000.0
4258,200000.0
12738,200000.0
11027,200000.0
1741,200000.0
16198,200000.0
15975,200000.0
9224,200000.0
16792,200000.0
11729,200000.0
13121,200000.0
16528,200000.0
15677,200000.0
15433,200000.0
4,200000.0
12408,200000.0
8441,200000.0
1624,200000.0
16449,200000.0
6872,200000.0
12271,200000.0
13396,200000.0
15833,200000.0
1105,200000.0
4106,200000.0
3031,200000.0
4546,200000.0
8258,200000.0
9946,200000.0
8027,200000.0
6337,200000.0
10342,200000.0
1885,200000.0
619,200000.0
3531,200000.0
11357,200000.0
1380,200000.0
5691,200000.0
14780,200000.0
3930,200000.0
3148,200000.0
3830,200000.0
12670,200000.0
14274,200000.0
3438,200000.0
3242,200000.0
5470,200000.0
14237,200000.0
2431,200000.0
1425,200000.0
14227,200000.0
7009,200000.0
16024,200000.0
7330,200000.0
12378,200000.0
10378,200000.0
6926,200000.0
4027,200000.0
7435,200000.0
11299,200000.0
12112,200000.0
4723,200000.0
14224,200000.0
11300,200000.0
16124,200000.0
4988,200000.0
8019,200000.0
4036,200000.0
2075,200000.0
14593,200000.0
4499,200000.0
3685,200000.0
2168,200000.0
8263,200000.0
9242,200000.0
14855,200000.0
2800,200000.0
14715,200000.0
12729,200000.0
14683,200000.0
429,200000.0
723,200000.0
8170,200000.0
2770,200000.0
14395,200000.0
12326,200000.0
221,200000.0
9448,200000.0
1593,200000.0
8962,200000.0
11068,200000.0
7896,200000.0
758,200000.0
9252,200000.0
6077,200000.0
4186,200000.0
8220,200000.0
753,200000.0
13063,200000.0
5728,200000.0
10817,200000.0
7868,200000.0
8580,200000.0
11100,200000.0
1003,200000.0
4779,200000.0
7121,200000.0
3946,200000.0
4426,200000.0
11309,200000.0
11285,200000.0
8222,200000.0
1189,200000.0
16356,200000.0
446,200000.0
8530,200000.0
14289,200000.0
16009,200000.0
9692,200000.0
13489,200000.0
13010,200000.0
6083,200000.0
2707,200000.0
5898,200000.0
12994,200000.0
8796,200000.0
3009,200000.0
7033,200000.0
6615,200000.0
2235,200000.0
5565,200000.0
5869,200000.0
6384,200000.0
1001,200000.0
11540,200000.0
13967,200000.0
4097,200000.0
9993,200000.0
10166,200000.0
15928,200000.0
14584,200000.0
1962,200000.0
10363,200000.0
1097,200000.0
3430,200000.0
1672,200000.0
9195,200000.0
16193,200000.0
9076,200000.0
13030,200000.0
14459,200000.0
8470,200000.0
7810,200000.0
4342,200000.0
8551,200000.0
5555,200000.0
12190,200000.0
8875,200000.0
3179,200000.0
291,200000.0
4549,200000.0
11486,200000.0
9349,200000.0
5305,200000.0
3379,200000.0
12593,200000.0
13712,200000.0
12847,200000.0
3964,200000.0
13981,200000.0
2538,200000.0
14764,200000.0
6147,200000.0
16693,200000.0
9398,200000.0
13554,200000.0
11054,200000.0
9462,200000.0
1528,200000.0
7096,200000.0
8993,200000.0
3738,200000.0
15096,200000.0
97,200000.0
5701,200000.0
12401,200000.0
2113,200000.0
15724,200000.0
15692,200000.0
12791,200000.0
10747,200000.0
1730,200000.0
5010,200000.0
10173,200000.0
6771,200000.0
6524,200000.0
6995,200000.0
14303,200000.0
1274,200000.0
9095,200000.0
15435,200000.0
9363,200000.0
7913,200000.0
14286,200000.0
4759,200000.0
8674,200000.0
12459,200000.0
436,200000.0
13586,200000.0
3231,200000.0
8124,200000.0
1226,200000.0
6887,200000.0
8855,200000.0
1768,200000.0
1630,200000.0
13293,200000.0
5705,200000.0
9067,200000.0
2790,200000.0
15012,200000.0
2411,200000.0
12054,200000.0
15653,200000.0
278,200000.0
1828,200000.0
7031,200000.0
3906,200000.0
13027,200000.0
4505,200000.0
3927,200000.0
12396,200000.0
6394,200000.0
8922,200000.0
11446,200000.0
7546,200000.0
15150,200000.0
2988,200000.0
3077,200000.0
2111,200000.0
10235,200000.0
15784,200000.0
12113,200000.0
5645,200000.0
9326,200000.0
12895,200000.0
11733,200000.0
1201,200000.0
5253,200000.0
16547,200000.0
2378,200000.0
11477,200000.0
1984,200000.0
8806,200000.0
16722,200000.0
7893,200000.0
8821,200000.0
9816,200000.0
5133,200000.0
8377,200000.0
7319,200000.0
2326,200000.0
3492,200000.0
14868,200000.0
13464,200000.0
1137,200000.0
15733,200000.0
12108,200000.0
2564,200000.0
11080,200000.0
9084,200000.0
8744,200000.0
5915,200000.0
14622,200000.0
9818,200000.0
2376,200000.0
16788,200000.0
11363,200000.0
14256,200000.0
3701,200000.0
12627,200000.0
9235,200000.0
6012,200000.0
2189,200000.0
14736,200000.0
5252,200000.0
16708,200000.0
320,200000.0
6943,200000.0
10548,200000.0
11356,200000.0
5855,200000.0
10265,200000.0
3325,200000.0
10243,200000.0
5549,200000.0
1284,200000.0
14510,200000.0
12488,200000.0
12089,200000.0
11715,200000.0
312,200000.0
3700,200000.0
10028,200000.0
12374,200000.0
9624,200000.0
5232,200000.0
13763,200000.0
2774,200000.0
12312,200000.0
3288,200000.0
5404,200000.0
3555,200000.0
3070,200000.0
12879,200000.0
11402,200000.0
9345,200000.0
1045,200000.0
16544,200000.0
5409,200000.0
2787,200000.0
7055,200000.0
2853,200000.0
861,200000.0
5480,200000.0
15178,200000.0
13428,200000.0
7564,200000.0
5974,200000.0
16292,200000.0
11066,200000.0
5265,200000.0
1966,200000.0
1142,200000.0
1721,200000.0
16606,200000.0
7992,200000.0
3304,200000.0
15181,200000.0
14750,200000.0
16207,200000.0
14087,200000.0
3359,200000.0
5926,200000.0
12703,200000.0
15813,200000.0
11697,200000.0
12548,200000.0
13249,200000.0
15248,200000.0
15847,200000.0
3939,200000.0
11961,200000.0
1358,200000.0
4604,200000.0
4357,200000.0
5763,200000.0
11193,200000.0
14327,200000.0
10750,200000.0
306,200000.0
5043,200000.0
1343,200000.0
8981,200000.0
8809,200000.0
13563,200000.0
8617,200000.0
5398,200000.0
12061,200000.0
2246,200000.0
1976,200000.0
1729,200000.0
3980,200000.0
14213,200000.0
13944,200000.0
2321,200000.0
6624,200000.0
7751,200000.0
15418,200000.0
269,200000.0
9075,200000.0
9636,200000.0
13367,200000.0
8808,200000.0
3260,200000.0
13959,200000.0
13741,200000.0
8198,200000.0
5957,200000.0
14778,200000.0
1202,200000.0
2547,200000.0
12749,200000.0
9547,200000.0
12617,200000.0
2606,200000.0
1350,200000.0
822,200000.0
2778,200000.0
4870,200000.0
1985,200000.0
12634,200000.0
7494,200000.0
10397,200000.0
3184,200000.0
875,200000.0
4425,200000.0
6285,200000.0
10272,200000.0
4413,200000.0
10671,200000.0
16477,200000.0
6068,200000.0
3085,200000.0
5694,200000.0
13369,200000.0
7268,200000.0
10542,200000.0
5755,200000.0
5152,200000.0
12310,200000.0
7778,200000.0
12539,200000.0
13140,200000.0
2991,200000.0
6763,200000.0
9780,200000.0
14402,200000.0
12143,200000.0
15306,200000.0
6408,200000.0
14645,200000.0
5708,200000.0
4461,200000.0
2649,200000.0
10758,200000.0
2495,200000.0
12117,200000.0
6946,200000.0
12901,200000.0
15637,200000.0
625,200000.0
3028,200000.0
12041,200000.0
4885,200000.0
7232,200000.0
1897,200000.0
10380,200000.0
13762,200000.0
12954,200000.0
7621,200000.0
5067,200000.0
1851,200000.0
5042,200000.0
5170,200000.0
5454,200000.0
4423,200000.0
9137,200000.0
1200,200000.0
1134,200000.0
2363,200000.0
8946,200000.0
10223,200000.0
834,200000.0
14667,200000.0
15963,200000.0
14232,200000.0
9549,200000.0
16132,200000.0
14712,200000.0
4623,200000.0
4089,200000.0
16054,200000.0
1805,200000.0
1138,200000.0
12929,200000.0
7529,200000.0
15818,200000.0
11222,200000.0
923,200000.0
10708,200000.0
8742,200000.0
648,200000.0
5287,200000.0
16378,200000.0
9837,200000.0
9653,200000.0
6568,200000.0
9930,200000.0
1823,200000.0
3194,200000.0
13453,200000.0
10226,200000.0
10301,200000.0
1186,200000.0
12857,200000.0
4883,200000.0
2854,200000.0
16744,200000.0
6559,200000.0
1986,200000.0
11373,200000.0
10019,200000.0
2322,200000.0
2214,200000.0
8759,200000.0
12228,200000.0
9563,200000.0
7271,200000.0
1161,200000.0
8436,200000.0
390,200000.0
2238,200000.0
15247,200000.0
2728,200000.0
13277,200000.0
6320,200000.0
9152,200000.0
14741,200000.0
179,200000.0
4699,200000.0
6726,200000.0
12516,200000.0
12405,200000.0
14354,200000.0
11036,200000.0
3805,200000.0
12287,200000.0
13915,200000.0
13935,200000.0
4463,200000.0
14057,200000.0
3897,200000.0
13602,200000.0
14652,200000.0
6533,200000.0
5485,200000.0
5037,200000.0
2179,200000.0
4786,200000.0
940,200000.0
13801,200000.0
2311,200000.0
15753,200000.0
7725,200000.0
14405,200000.0
13461,200000.0
14096,200000.0
15634,200000.0
11208,200000.0
8640,200000.0
13666,200000.0
9169,200000.0
5839,200000.0
5936,200000.0
8843,200000.0
10815,200000.0
12717,200000.0
8548,200000.0
8230,200000.0
11321,200000.0
9767,200000.0
497,200000.0
9143,200000.0
16166,200000.0
15231,200000.0
9568,200000.0
13185,200000.0
3594,200000.0
5924,200000.0
2949,200000.0
2762,200000.0
2017,200000.0
11116,200000.0
6626,200000.0
13055,200000.0
7852,200000.0
7930,200000.0
10694,200000.0
5922,200000.0
9209,200000.0
9278,200000.0
1482,200000.0
5671,200000.0
10618,200000.0
7303,200000.0
13702,200000.0
6451,200000.0
1761,200000.0
14567,200000.0
12064,200000.0
8526,200000.0
4270,200000.0
9845,200000.0
15987,200000.0
5923,200000.0
13302,200000.0
16052,200000.0
1613,200000.0
7662,200000.0
1705,200000.0
5845,200000.0
8873,200000.0
2798,200000.0
965,200000.0
1355,200000.0
16596,200000.0
5296,200000.0
14032,200000.0
2451,200000.0
15949,200000.0
4393,200000.0
764,200000.0
5317,200000.0
10610,200000.0
10646,200000.0
7695,200000.0
12743,200000.0
1837,200000.0
10674,200000.0
14979,200000.0
6683,200000.0
6587,200000.0
7266,200000.0
10136,200000.0
1048,200000.0
4677,200000.0
6976,200000.0
8120,200000.0
7461,200000.0
4229,200000.0
15983,200000.0
7147,200000.0
10409,200000.0
4041,200000.0
4431,200000.0
3196,200000.0
9825,200000.0
3284,200000.0
3838,200000.0
9183,200000.0
8100,200000.0
4922,200000.0
10798,200000.0
2873,200000.0
1952,200000.0
6474,200000.0
12695,200000.0
16195,200000.0
237,200000.0
13952,200000.0
11350,200000.0
946,200000.0
5985,200000.0
16427,200000.0
13937,200000.0
876,200000.0
14371,200000.0
5527,200000.0
9220,200000.0
11726,200000.0
2966,200000.0
12725,200000.0
12457,200000.0
16515,200000.0
10969,200000.0
12647,200000.0
3926,200000.0
4302,200000.0
2508,200000.0
8718,200000.0
7678,200000.0
12912,200000.0
5935,200000.0
4634,200000.0
6208,200000.0
7833,200000.0
6449,200000.0
10692,200000.0
2676,200000.0
6723,200000.0
16727,200000.0
5356,200000.0
13386,200000.0
7813,200000.0
16321,200000.0
5500,200000.0
1917,200000.0
11065,200000.0
2809,200000.0
4220,200000.0
16412,200000.0
14670,200000.0
12787,200000.0
3843,200000.0
5953,200000.0
16182,200000.0
1406,200000.0
16382,200000.0
11650,200000.0
721,200000.0
11045,200000.0
14478,200000.0
9214,200000.0
8615,200000.0
8334,200000.0
3389,200000.0
2681,200000.0
2373,200000.0
6031,200000.0
2452,200000.0
14305,200000.0
9484,200000.0
862,200000.0
3422,200000.0
304,200000.0
7697,200000.0
16394,200000.0
2882,200000.0
5600,200000.0
13649,200000.0
3440,200000.0
12920,200000.0
13733,200000.0
3106,200000.0
5959,200000.0
7748,200000.0
6345,200000.0
14551,200000.0
9496,200000.0
7180,200000.0
7883,200000.0
5875,200000.0
5126,200000.0
15605,200000.0
7306,200000.0
10020,200000.0
8909,200000.0
6719,200000.0
5243,200000.0
8971,200000.0
10062,200000.0
11962,200000.0
13462,200000.0
8986,200000.0
7320,200000.0
15855,200000.0
9415,200000.0
11908,200000.0
16582,200000.0
5573,200000.0
6704,200000.0
12499,200000.0
7110,200000.0
13600,200000.0
772,200000.0
5155,200000.0
14191,200000.0
3734,200000.0
2860,200000.0
13680,200000.0
9879,200000.0
5333,200000.0
5208,200000.0
188,200000.0
11440,200000.0
1165,200000.0
15559,200000.0
12706,200000.0
27,200000.0
4611,200000.0
12937,200000.0
16276,200000.0
6153,200000.0
12058,200000.0
14982,200000.0
15195,200000.0
778,200000.0
10769,200000.0
3268,200000.0
1286,200000.0
5450,200000.0
1221,200000.0
9940,200000.0
13325,200000.0
12270,200000.0
8822,200000.0
10897,200000.0
9330,200000.0
11984,200000.0
15056,200000.0
14954,200000.0
14905,200000.0
5219,200000.0
6613,200000.0
9139,200000.0
11456,200000.0
16626,200000.0
11247,200000.0
9972,200000.0
2631,200000.0
6526,200000.0
192,200000.0
14160,200000.0
7623,200000.0
5468,200000.0
11331,200000.0
3308,200000.0
16154,200000.0
7526,200000.0
10174,200000.0
786,200000.0
3956,200000.0
11499,200000.0
2105,200000.0
16065,200000.0
5999,200000.0
1060,200000.0
4805,200000.0
14876,200000.0
1411,200000.0
6989,200000.0
9869,200000.0
1272,200000.0
13306,200000.0
4853,200000.0
210,200000.0
4466,200000.0
2954,200000.0
11110,200000.0
6576,200000.0
10424,200000.0
14269,200000.0
7491,200000.0
2158,200000.0
7386,200000.0
10555,200000.0
13,200000.0
10184,200000.0
15576,200000.0
10698,200000.0
5375,200000.0
9089,200000.0
6126,200000.0
6973,200000.0
15437,200000.0
5000,200000.0
3690,200000.0
14190,200000.0
14930,200000.0
13468,200000.0
4658,200000.0
9111,200000.0
14766,200000.0
10291,200000.0
7295,200000.0
7394,200000.0
3936,200000.0
7127,200000.0
11822,200000.0
908,200000.0
3669,200000.0
15641,200000.0
7585,200000.0
2569,200000.0
976,200000.0
16111,200000.0
10258,200000.0
13075,200000.0
13059,200000.0
5893,200000.0
2308,200000.0
6724,200000.0
9533,200000.0
2122,200000.0
3047,200000.0
8558,200000.0
6977,200000.0
9526,200000.0
12127,200000.0
385,200000.0
13382,200000.0
4135,200000.0
10162,200000.0
6932,200000.0
13321,200000.0
3925,200000.0
14794,200000.0
15151,200000.0
7125,200000.0
12017,200000.0
12288,200000.0
5618,200000.0
14018,200000.0
16465,200000.0
5268,200000.0
14685,200000.0
6477,200000.0
6618,200000.0
12521,200000.0
14749,200000.0
783,200000.0
14120,200000.0
6367,200000.0
9493,200000.0
6941,200000.0
178,200000.0
15073,200000.0
14594,200000.0
8622,200000.0
3740,200000.0
3065,200000.0
11752,200000.0
9928,200000.0
329,200000.0
15064,200000.0
9887,200000.0
3263,200000.0
3493,200000.0
5424,200000.0
2560,200000.0
7914,200000.0
9969,200000.0
6223,200000.0
3043,200000.0
3147,200000.0
9366,200000.0
9907,200000.0
10532,200000.0
14417,200000.0
12526,200000.0
11504,200000.0
15999,200000.0
11879,200000.0
7373,200000.0
5654,200000.0
3495,200000.0
7307,200000.0
15417,200000.0
6505,200000.0
7213,200000.0
5107,200000.0
3481,200000.0
11968,200000.0
16723,200000.0
14963,200000.0
2314,200000.0
13224,200000.0
7759,200000.0
13954,200000.0
15957,200000.0
9322,200000.0
171,200000.0
6464,200000.0
12195,200000.0
3008,200000.0
11533,200000.0
8792,200000.0
13966,200000.0
3677,200000.0
10647,200000.0
10974,200000.0
11973,200000.0
12958,200000.0
9952,200000.0
15190,200000.0
560,200000.0
11684,200000.0
3366,200000.0
2163,200000.0
2229,200000.0
16643,200000.0
6554,200000.0
15889,200000.0
13411,200000.0
3818,200000.0
914,200000.0
15357,200000.0
264,200000.0
12055,200000.0
12506,200000.0
9986,200000.0
7200,200000.0
15970,200000.0
7485,200000.0
362,200000.0
2493,200000.0
7424,200000.0
7746,200000.0
62,200000.0
12124,200000.0
343,200000.0
2421,200000.0
16110,200000.0
13689,200000.0
10035,200000.0
15361,200000.0
10373,200000.0
16688,200000.0
9368,200000.0
3416,200000.0
10663,200000.0
5286,200000.0
12622,200000.0
889,200000.0
7471,200000.0
10154,200000.0
14789,200000.0
14818,200000.0
526,200000.0
11780,200000.0
7740,200000.0
9329,200000.0
7255,200000.0
16718,200000.0
14413,200000.0
8950,200000.0
7254,200000.0
5881,200000.0
16737,200000.0
9151,200000.0
9324,200000.0
578,200000.0
458,200000.0
2261,200000.0
4532,200000.0
10505,200000.0
12168,200000.0
5381,200000.0
8190,200000.0
7661,200000.0
2578,200000.0
4780,200000.0
1538,200000.0
14064,200000.0
9515,200000.0
1254,200000.0
2151,200000.0
3024,200000.0
9799,200000.0
10455,200000.0
13116,200000.0
2575,200000.0
7991,200000.0
11147,200000.0
12618,200000.0
11524,200000.0
12350,200000.0
9009,200000.0
1746,200000.0
2773,200000.0
12679,200000.0
5777,200000.0
9991,200000.0
5473,200000.0
2094,200000.0
12482,200000.0
9693,200000.0
6699,200000.0
4603,200000.0
4205,200000.0
2764,200000.0
1542,200000.0
11336,200000.0
13791,200000.0
14462,200000.0
7739,200000.0
14496,200000.0
5868,200000.0
2789,200000.0
4862,200000.0
319,200000.0
3172,200000.0
5674,200000.0
5048,200000.0
1245,200000.0
5906,200000.0
9108,200000.0
7788,200000.0
3315,200000.0
7165,200000.0
15612,200000.0
7693,200000.0
10795,200000.0
5659,200000.0
12551,200000.0
3459,200000.0
14301,200000.0
1645,200000.0
5529,200000.0
1297,200000.0
12463,200000.0
7141,200000.0
6334,200000.0
4221,200000.0
12383,200000.0
15622,200000.0
9199,200000.0
4897,200000.0
14203,200000.0
5349,200000.0
2531,200000.0
14935,200000.0
941,200000.0
11298,200000.0
15545,200000.0
7413,200000.0
6507,200000.0
5308,200000.0
7724,200000.0
14089,200000.0
5090,200000.0
15314,200000.0
15668,200000.0
14202,200000.0
16390,200000.0
1501,200000.0
16098,200000.0
4533,200000.0
11010,200000.0
8129,200000.0
3733,200000.0
7191,200000.0
5669,200000.0
10727,200000.0
2023,200000.0
6766,200000.0
1995,200000.0
6935,200000.0
4584,200000.0
9901,200000.0
16374,200000.0
9028,200000.0
7013,200000.0
3014,200000.0
7965,200000.0
653,200000.0
12103,200000.0
14000,200000.0
16101,200000.0
8147,200000.0
14304,200000.0
7371,200000.0
2779,200000.0
1781,200000.0
8516,200000.0
5298,200000.0
7948,200000.0
5177,200000.0
863,200000.0
8318,200000.0
15712,200000.0
8010,200000.0
7351,200000.0
7654,200000.0
1860,200000.0
16734,200000.0
2848,200000.0
4216,200000.0
12398,200000.0
8982,200000.0
13414,200000.0
3120,200000.0
6071,200000.0
7743,200000.0
1346,200000.0
11643,200000.0
4301,200000.0
16745,200000.0
8726,200000.0
13819,200000.0
744,200000.0
12094,200000.0
14004,200000.0
10891,200000.0
6736,200000.0
10613,200000.0
76,200000.0
1261,200000.0
6033,200000.0
16482,200000.0
3480,200000.0
4007,200000.0
6937,200000.0
6178,200000.0
14633,200000.0
9382,200000.0
11971,200000.0
14461,200000.0
2509,200000.0
10714,200000.0
14363,200000.0
4244,200000.0
227,200000.0
4498,200000.0
9453,200000.0
14134,200000.0
13920,200000.0
15077,200000.0
6680,200000.0
1899,200000.0
516,200000.0
3213,200000.0
8944,200000.0
3726,200000.0
6380,200000.0
12849,200000.0
12751,200000.0
3139,200000.0
13621,200000.0
7115,200000.0
4830,200000.0
10785,200000.0
4248,200000.0
2161,200000.0
10707,200000.0
13314,200000.0
3658,200000.0
1738,200000.0
11744,200000.0
7407,200000.0
5169,200000.0
3821,200000.0
5805,200000.0
1573,200000.0
12131,200000.0
15806,200000.0
11672,200000.0
3892,200000.0
11727,200000.0
16319,200000.0
5055,200000.0
14296,200000.0
10905,200000.0
2590,200000.0
4475,200000.0
3313,200000.0
2464,200000.0
12184,200000.0
14886,200000.0
1385,200000.0
15561,200000.0
9884,200000.0
9895,200000.0
16307,200000.0
2978,200000.0
6553,200000.0
3951,200000.0
1555,200000.0
8502,200000.0
15095,200000.0
7372,200000.0
4385,200000.0
4362,200000.0
13831,200000.0
6489,200000.0
3098,200000.0
6268,200000.0
11688,200000.0
12426,200000.0
13894,200000.0
7239,200000.0
425,200000.0
3425,200000.0
781,200000.0
6206,200000.0
6543,200000.0
13646,200000.0
1686,200000.0
10664,200000.0
13420,200000.0
14300,200000.0
10604,200000.0
64,200000.0
2786,200000.0
5622,200000.0
10123,200000.0
4096,200000.0
3502,200000.0
1758,200000.0
3570,200000.0
7227,200000.0
13451,200000.0
13668,200000.0
9599,200000.0
5260,200000.0
10087,200000.0
6075,200000.0
15227,200000.0
7864,200000.0
15836,200000.0
16267,200000.0
15771,200000.0
7644,200000.0
6026,200000.0
14857,200000.0
12003,200000.0
3770,200000.0
14196,200000.0
7468,200000.0
12165,200000.0
14233,200000.0
9126,200000.0
7229,200000.0
3384,200000.0
6401,200000.0
10877,200000.0
6045,200000.0
10901,200000.0
8999,200000.0
16355,200000.0
5110,200000.0
1474,200000.0
15023,200000.0
82,200000.0
321,200000.0
8236,200000.0
123,200000.0
7210,200000.0
8979,200000.0
9702,200000.0
9258,200000.0
1402,200000.0
15587,200000.0
14438,200000.0
9133,200000.0
9672,200000.0
9313,200000.0
1353,200000.0
514,200000.0
364,200000.0
1895,200000.0
206,200000.0
15290,200000.0
13504,200000.0
14673,200000.0
15642,200000.0
10729,200000.0
5837,200000.0
395,200000.0
3679,200000.0
7673,200000.0
7785,200000.0
10264,200000.0
7962,200000.0
11683,200000.0
15650,200000.0
4247,200000.0
14721,200000.0
11717,200000.0
5593,200000.0
7855,200000.0
5196,200000.0
4245,200000.0
11424,200000.0
15203,200000.0
14149,200000.0
1352,200000.0
16135,200000.0
7054,200000.0
2044,200000.0
1503,200000.0
14094,200000.0
12235,200000.0
8189,200000.0
16588,200000.0
9957,200000.0
9457,200000.0
3199,200000.0
10789,200000.0
5262,200000.0
6854,200000.0
969,200000.0
16613,200000.0
12748,200000.0
13926,200000.0
7390,200000.0
14971,200000.0
13103,200000.0
3616,200000.0
5860,200000.0
4162,200000.0
12144,200000.0
8544,200000.0
3238,200000.0
3341,200000.0
12864,200000.0
9101,200000.0
11325,200000.0
3180,200000.0
1965,200000.0
1893,200000.0
12668,200000.0
15030,200000.0
13404,200000.0
807,200000.0
8515,200000.0
4695,200000.0
4761,200000.0
12203,200000.0
5347,200000.0
13399,200000.0
13858,200000.0
12505,200000.0
2442,200000.0
15245,200000.0
9898,200000.0
11651,200000.0
6259,200000.0
10520,200000.0
13599,200000.0
9694,200000.0
12220,200000.0
1529,200000.0
14853,200000.0
16750,200000.0
3630,200000.0
15943,200000.0
13828,200000.0
15618,200000.0
6130,200000.0
14219,200000.0
4276,200000.0
12798,200000.0
14215,200000.0
6290,200000.0
16625,200000.0
4067,200000.0
3552,200000.0
3804,200000.0
8465,200000.0
4395,200000.0
5682,200000.0
14241,200000.0
7489,200000.0
12468,200000.0
15608,200000.0
16783,200000.0
11500,200000.0
9154,200000.0
12474,200000.0
6620,200000.0
2334,200000.0
11545,200000.0
2981,200000.0
932,200000.0
3466,200000.0
16367,200000.0
7737,200000.0
9122,200000.0
13015,200000.0
950,200000.0
14806,200000.0
7354,200000.0
13706,200000.0
13993,200000.0
10577,200000.0
4592,200000.0
10295,200000.0
16432,200000.0
6453,200000.0
621,200000.0
7114,200000.0
6310,200000.0
12769,200000.0
12078,200000.0
10073,200000.0
11732,200000.0
3146,200000.0
15028,200000.0
6718,200000.0
6256,200000.0
14217,200000.0
506,200000.0
5013,200000.0
5302,200000.0
15453,200000.0
14535,200000.0
8160,200000.0
4075,200000.0
701,200000.0
5807,200000.0
8469,200000.0
419,200000.0
2524,200000.0
1633,200000.0
2729,200000.0
11838,200000.0
6052,200000.0
1248,200000.0
6677,200000.0
1347,200000.0
8673,200000.0
7848,200000.0
2024,200000.0
8410,200000.0
11855,200000.0
16426,200000.0
1129,200000.0
10596,200000.0
12640,200000.0
1415,200000.0
3250,200000.0
11081,200000.0
2767,200000.0
2638,200000.0
5377,200000.0
5436,200000.0
10215,200000.0
2662,200000.0
6476,200000.0
618,200000.0
11895,200000.0
2292,200000.0
30,200000.0
1988,200000.0
13093,200000.0
3786,200000.0
7481,200000.0
11379,200000.0
3352,200000.0
2828,200000.0
10888,200000.0
1119,200000.0
4848,200000.0
8265,200000.0
4774,200000.0
16659,200000.0
845,200000.0
8002,200000.0
4583,200000.0
7640,200000.0
2132,200000.0
15218,200000.0
3265,200000.0
10552,200000.0
11551,200000.0
6955,200000.0
1802,200000.0
3258,200000.0
3929,200000.0
16647,200000.0
15419,200000.0
375,200000.0
9666,200000.0
8920,200000.0
398,200000.0
9583,200000.0
12655,200000.0
9282,200000.0
5057,200000.0
3279,200000.0
7187,200000.0
2428,200000.0
13916,200000.0
6406,200000.0
4224,200000.0
9906,200000.0
11094,200000.0
15896,200000.0
1397,200000.0
16704,200000.0
1816,200000.0
16043,200000.0
10670,200000.0
15967,200000.0
8740,200000.0
4110,200000.0
6402,200000.0
7551,200000.0
510,200000.0
15664,200000.0
4148,200000.0
4023,200000.0
8560,200000.0
3715,200000.0
4902,200000.0
6461,200000.0
8651,200000.0
9172,200000.0
14080,200000.0
594,200000.0
8159,200000.0
12700,200000.0
3932,200000.0
5651,200000.0
12525,200000.0
9621,200000.0
2166,200000.0
11319,200000.0
16032,200000.0
12185,200000.0
13974,200000.0
9683,200000.0
13655,200000.0
5140,200000.0
16325,200000.0
7261,200000.0
3434,200000.0
4444,200000.0
1804,200000.0
3160,200000.0
14609,200000.0
6675,200000.0
13984,200000.0
9372,200000.0
10929,200000.0
16208,200000.0
10133,200000.0
841,200000.0
7885,200000.0
1331,200000.0
7615,200000.0
11503,200000.0
11509,200000.0
5581,200000.0
14579,200000.0
8994,200000.0
10333,200000.0
10948,200000.0
10014,200000.0
4010,200000.0
5393,200000.0
9318,200000.0
5635,200000.0
13478,200000.0
13573,200000.0
6218,200000.0
5916,200000.0
16486,200000.0
5615,200000.0
14483,200000.0
11307,200000.0
11333,200000.0
7762,200000.0
13139,200000.0
14538,200000.0
14761,200000.0
13442,200000.0
835,200000.0
15275,200000.0
13908,200000.0
15237,200000.0
15616,200000.0
12420,200000.0
5165,200000.0
5091,200000.0
14626,200000.0
16485,200000.0
12564,200000.0
11169,200000.0
14017,200000.0
4445,200000.0
7735,200000.0
10654,200000.0
10365,200000.0
105,200000.0
10878,200000.0
14639,200000.0
2756,200000.0
4364,200000.0
16551,200000.0
54,200000.0
10982,200000.0
9314,200000.0
7847,200000.0
8081,200000.0
1585,200000.0
10441,200000.0
16123,200000.0
694,200000.0
3823,200000.0
6967,200000.0
273,200000.0
15406,200000.0
16472,200000.0
4562,200000.0
10267,200000.0
547,200000.0
1166,200000.0
11390,200000.0
8021,200000.0
6179,200000.0
13134,200000.0
1407,200000.0
2691,200000.0
4572,200000.0
15049,200000.0
12669,200000.0
15271,200000.0
4535,200000.0
12720,200000.0
11689,200000.0
11452,200000.0
8905,200000.0
3650,200000.0
4728,200000.0
3316,200000.0
1241,200000.0
111,200000.0
16105,200000.0
3472,200000.0
13409,200000.0
10624,200000.0
2940,200000.0
11371,200000.0
15110,200000.0
13589,200000.0
197,200000.0
8415,200000.0
5403,200000.0
10350,200000.0
13240,200000.0
4485,200000.0
14006,200000.0
11324,200000.0
13713,200000.0
12346,200000.0
5312,200000.0
8968,200000.0
8954,200000.0
2974,200000.0
4600,200000.0
4306,200000.0
12081,200000.0
6909,200000.0
7064,200000.0
8180,200000.0
3969,200000.0
13475,200000.0
3882,200000.0
1024,200000.0
4200,200000.0
14852,200000.0
11570,200000.0
7902,200000.0
997,200000.0
10286,200000.0
5195,200000.0
9476,200000.0
988,200000.0
13581,200000.0
5240,200000.0
10907,200000.0
8878,200000.0
15228,200000.0
10523,200000.0
7927,200000.0
4867,200000.0
6325,200000.0
4625,200000.0
11253,200000.0
9922,200000.0
3725,200000.0
13826,200000.0
10612,200000.0
9196,200000.0
10859,200000.0
16397,200000.0
3509,200000.0
11334,200000.0
2858,200000.0
2924,200000.0
6924,200000.0
8305,200000.0
12598,200000.0
16240,200000.0
16357,200000.0
3645,200000.0
10667,200000.0
8754,200000.0
3423,200000.0
16143,200000.0
13473,200000.0
3540,200000.0
10448,200000.0
8295,200000.0
2610,200000.0
12916,200000.0
7946,200000.0
164,200000.0
12230,200000.0
5006,200000.0
6322,200000.0
4273,200000.0
14770,200000.0
651,200000.0
6816,200000.0
8048,200000.0
8910,200000.0
8984,200000.0
7782,200000.0
7950,200000.0
4215,200000.0
10077,200000.0
195,200000.0
11932,200000.0
8047,200000.0
1489,200000.0
11019,200000.0
8155,200000.0
11444,200000.0
6607,200000.0
15929,200000.0
15721,200000.0
6273,200000.0
3418,200000.0
9311,200000.0
11280,200000.0
6427,200000.0
12249,200000.0
14632,200000.0
13567,200000.0
2604,200000.0
13845,200000.0
12898,200000.0
3640,200000.0
11143,200000.0
6463,200000.0
5604,200000.0
6511,200000.0
6825,200000.0
6754,200000.0
2612,200000.0
281,200000.0
8186,200000.0
13786,200000.0
5040,200000.0
5856,200000.0
7853,200000.0
792,200000.0
8487,200000.0
15017,200000.0
1151,200000.0
6443,200000.0
7938,200000.0
2423,200000.0
6716,200000.0
7169,200000.0
9060,200000.0
7537,200000.0
160,200000.0
6954,200000.0
9501,200000.0
6811,200000.0
6174,200000.0
7134,200000.0
1110,200000.0
11845,200000.0
3536,200000.0
15856,200000.0
14071,200000.0
9316,200000.0
14916,200000.0
15912,200000.0
15115,200000.0
4871,200000.0
2106,200000.0
1685,200000.0
14180,200000.0
15431,200000.0
12365,200000.0
980,200000.0
3847,200000.0
8151,200000.0
190,200000.0
12116,200000.0
11295,200000.0
7989,200000.0
3156,200000.0
2990,200000.0
2262,200000.0
16435,200000.0
2427,200000.0
9438,200000.0
13252,200000.0
208,200000.0
11946,200000.0
4720,200000.0
13250,200000.0
10749,200000.0
12945,200000.0
3586,200000.0
13827,200000.0
13095,200000.0
11491,200000.0
12042,200000.0
9234,200000.0
3270,200000.0
8058,200000.0
15371,200000.0
856,200000.0
4929,200000.0
14199,200000.0
9835,200000.0
4816,200000.0
16422,200000.0
16617,200000.0
6113,200000.0
12320,200000.0
3346,200000.0
9485,200000.0
14335,200000.0
1990,200000.0
9667,200000.0
3637,200000.0
13094,200000.0
13691,200000.0
230,200000.0
6658,200000.0
4375,200000.0
16730,200000.0
11770,200000.0
10823,200000.0
8352,200000.0
15149,200000.0
11124,200000.0
7338,200000.0
15862,200000.0
14101,200000.0
1972,200000.0
12053,200000.0
12513,200000.0
4669,200000.0
3913,200000.0
12529,200000.0
3648,200000.0
4408,200000.0
9167,200000.0
3894,200000.0
8412,200000.0
8451,200000.0
4612,200000.0
15765,200000.0
5787,200000.0
13074,200000.0
10643,200000.0
4019,200000.0
14307,200000.0
12432,200000.0
14013,200000.0
14382,200000.0
15220,200000.0
11958,200000.0
11430,200000.0
9782,200000.0
7603,200000.0
7240,200000.0
5319,200000.0
3598,200000.0
15090,200000.0
8152,200000.0
11797,200000.0
15567,200000.0
3520,200000.0
13945,200000.0
2114,200000.0
3967,200000.0
6765,200000.0
11453,200000.0
13837,200000.0
1257,200000.0
8911,200000.0
2291,200000.0
3691,200000.0
15748,200000.0
13305,200000.0
16283,200000.0
16248,200000.0
11877,200000.0
2444,200000.0
641,200000.0
7344,200000.0
51,200000.0
6187,200000.0
11475,200000.0
13374,200000.0
8498,200000.0
10255,200000.0
12314,200000.0
11525,200000.0
14595,200000.0
11787,200000.0
8321,200000.0
14869,200000.0
10637,200000.0
2184,200000.0
16789,200000.0
10808,200000.0
615,200000.0
6096,200000.0
10966,200000.0
11291,200000.0
1338,200000.0
16217,200000.0
14540,200000.0
15581,200000.0
8689,200000.0
4538,200000.0
6877,200000.0
326,200000.0
2088,200000.0
9136,200000.0
7197,200000.0
12504,200000.0
9236,200000.0
9386,200000.0
6853,200000.0
1006,200000.0
6669,200000.0
7769,200000.0
10623,200000.0
8975,200000.0
998,200000.0
10281,200000.0
15565,200000.0
16072,200000.0
9851,200000.0
8841,200000.0
15206,200000.0
16677,200000.0
1957,200000.0
917,200000.0
16152,200000.0
4651,200000.0
9602,200000.0
1028,200000.0
2267,200000.0
16525,200000.0
4872,200000.0
6246,200000.0
5801,200000.0
3873,200000.0
971,200000.0
11640,200000.0
16531,200000.0
417,200000.0
9932,200000.0
5692,200000.0
11152,200000.0
2725,200000.0
4016,200000.0
3834,200000.0
1681,200000.0
9331,200000.0
14015,200000.0
14548,200000.0
7514,200000.0
11384,200000.0
16230,200000.0
13079,200000.0
7107,200000.0
15180,200000.0
8948,200000.0
1622,200000.0
14671,200000.0
15984,200000.0
8546,200000.0
7581,200000.0
13303,200000.0
16256,200000.0
14544,200000.0
11498,200000.0
6287,200000.0
8578,200000.0
4896,200000.0
15795,200000.0
8267,200000.0
6445,200000.0
1829,200000.0
1907,200000.0
7021,200000.0
7460,200000.0
16611,200000.0
9033,200000.0
3344,200000.0
13751,200000.0
9665,200000.0
14298,200000.0
10375,200000.0
14986,200000.0
6904,200000.0
6456,200000.0
8227,200000.0
3523,200000.0
13842,200000.0
13900,200000.0
6274,200000.0
6011,200000.0
990,200000.0
11589,200000.0
15016,200000.0
13281,200000.0
16301,200000.0
6175,200000.0
9820,200000.0
12024,200000.0
2535,200000.0
14486,200000.0
9973,200000.0
153,200000.0
16215,200000.0
102,200000.0
9888,200000.0
4285,200000.0
4330,200000.0
10156,200000.0
10601,200000.0
11519,200000.0
113,200000.0
11705,200000.0
8167,200000.0
4047,200000.0
2443,200000.0
9232,200000.0
12615,200000.0
11742,200000.0
947,200000.0
15412,200000.0
13365,200000.0
7432,200000.0
52,200000.0
3177,200000.0
16228,200000.0
9416,200000.0
4429,200000.0
6330,200000.0
6866,200000.0
13494,200000.0
7819,200000.0
5873,200000.0
4963,200000.0
11573,200000.0
10150,200000.0
14793,200000.0
12873,200000.0
15243,200000.0
4821,200000.0
11709,200000.0
9596,200000.0
8197,200000.0
9519,200000.0
5796,200000.0
2812,200000.0
10616,200000.0
3382,200000.0
11890,200000.0
13069,200000.0
10158,200000.0
8252,200000.0
8834,200000.0
14676,200000.0
13060,200000.0
10379,200000.0
16138,200000.0
3912,200000.0
5722,200000.0
11004,200000.0
